created_at,clue_type,clue_category,week,description_it
"2025-12-13 09:42:40.631794+00",location,location,2,"Un magnifico giardino formale, con fontane e sculture, creato per la gloria di un monarca. La sua perfezione geometrica riflette la grandeur di un'epoca. Cerca l'indizio dove la natura è stata domata e organizzata in un'opera d'arte maestosa e simmetrica, simbolo di potere e bellezza."
"2025-12-13 09:42:40.631794+00",location,location,1,"In questa nazione, la bellezza è un linguaggio universale, un dialogo silenzioso tra l'anima e l'arte. Il tuo percorso inizia dove l'eleganza si manifesta in ogni forma, dalla tela al pensiero, forgiando un'identità senza tempo. Cerca l'eco di un passato glorioso che ancora risuona nelle sue strade e nei suoi spiriti creativi."
"2025-12-13 09:42:40.631794+00",location,location,1,"Un vento leggero porta storie di re e rivoluzioni, di imperi e idee che hanno plasmato il mondo. La soluzione si cela tra le pieghe di una nazione che ha sempre osato sognare, dove ogni pietra narra un frammento di un'epopea ininterrotta. Ascolta l'eco dei secoli passati."
"2025-12-13 09:42:40.631794+00",location,location,1,"Qui, la tavola è un altare, un inno ai sensi dove ogni sapore racconta una storia di terra e passione. Dal formaggio al pane, ogni boccone è un viaggio. Il tuo viaggio inizia dove la gastronomia è elevata a vera forma d'arte quotidiana, un piacere da scoprire."
"2025-12-13 09:42:40.631794+00",location,location,1,"Tra verdi campagne e orizzonti che si estendono, la natura dipinge paesaggi di serenità e grandezza. Troverai un indizio dove la terra si fonde con il cielo, in un abbraccio che da secoli ispira poeti e pittori. Cerca la vastità silenziosa che invita alla contemplazione e alla scoperta."
"2025-12-13 09:42:40.631794+00",location,location,1,"Segui il corso di un'antica via d'acqua che ha visto scorrere secoli di vita, commerci e leggende. Le sue rive custodiscono segreti e riflessi di un'epoca. Il tuo prossimo passo è vicino a dove il fiume è testimone eterno della storia umana, narrando ininterrottamente il suo lungo viaggio."
"2025-12-13 09:42:40.631794+00",location,location,1,"La brezza marina accarezza una costa variegata, tra scogliere imponenti e spiagge dorate. Il canto delle onde è una melodia costante che accompagna i marinai e i sognatori. L'indizio ti attende dove la terra incontra l'immensità blu dell'oceano, in un incontro di forza e bellezza."
"2025-12-13 09:42:40.631794+00",location,location,1,"Nel cuore di questa terra, vette maestose sfidano il cielo, guardiani silenziosi di valli nascoste e antichi sentieri. Le loro nevi perenni celano misteri. Il tuo obiettivo è vicino alle montagne che toccano le nuvole, in un regno di pura bellezza e di sfide ininterrotte per l'uomo."
"2025-12-13 09:42:40.631794+00",location,location,1,"Qui, il pensiero ha sempre trovato terreno fertile, dando vita a movimenti che hanno cambiato il corso della civiltà. Filosofi e pensatori hanno acceso la fiamma dell'intelletto. Cerca dove le menti brillanti hanno seminato i semi del progresso e della libertà, ispirando generazioni future."
"2025-12-13 09:42:40.631794+00",location,location,1,"Questa nazione è intessuta di miti e racconti, dalle gesta eroiche ai racconti popolari tramandati di generazione in generazione. Ogni borgo ha la sua storia. Trova il prossimo passo dove l'immaginazione si è fusa con la realtà, creando un patrimonio narrativo unico e affascinante."
"2025-12-13 09:42:40.631794+00",location,location,1,"Un equilibrio perfetto tra natura selvaggia e paesaggi modellati dall'uomo definisce il carattere di questa terra. Campi coltivati si alternano a boschi secolari. Il tuo sguardo deve posarsi dove l'intervento umano ha saputo rispettare e valorizzare la bellezza intrinseca del territorio, creando un'armonia visiva."
"2025-12-13 09:42:40.631794+00",location,location,1,"Strutture secolari, mute testimoni di epoche passate, si ergono ancora fiere, raccontando di popoli e culture lontane. Le loro mura conservano il respiro della storia. Cerca dove l'architettura è un libro aperto sul passato remoto di questa nazione, rivelando i suoi segreti a chi sa osservare."
"2025-12-13 09:42:40.631794+00",location,location,1,"Dai campi fioriti ai laboratori artigianali, un'arte sottile e inebriante ha trovato la sua massima espressione. Essenze rare e accordi delicati creano sinfonie olfattive. Il prossimo indizio ti attende dove i sensi sono celebrati attraverso la magia delle fragranze, un'esperienza sensoriale unica."
"2025-12-13 09:42:40.631794+00",location,location,1,"Il nettare degli dei, prodotto con sapienza e dedizione, qui ha raggiunto vette di eccellenza. Ogni sorso è un viaggio tra vigneti assolati e cantine antiche. Cerca dove la vite è regina e il suo frutto è un simbolo di raffinatezza e convivialità, una bevanda celebrata in tutto il mondo."
"2025-12-13 09:42:40.631794+00",location,location,1,"Sotto un cielo di un blu intenso, bagnata da acque cristalline, si estende una terra di luce e colori vibranti. Il sole è un compagno costante. Il tuo cammino ti porta verso una regione dove la luminosità del paesaggio è quasi abbagliante, fonte di ispirazione per artisti e viaggiatori."
"2025-12-13 09:42:40.631794+00",location,location,1,"Opere ingegneristiche che attraversano fiumi e valli, uniscono territori e connettono epoche. Essi rappresentano il progresso e l'ingegno umano. Il tuo sguardo deve trovare la via dove la costruzione di un ponte non è solo un'opera, ma un simbolo di unione e visione, un'impresa che dura nei secoli."
"2025-12-13 09:42:40.631794+00",location,location,1,"Qui, le tradizioni popolari sono un mosaico vivente, dove canti, balli e festività celebrano l'identità di ogni comunità. Il folklore è un patrimonio prezioso. L'indizio si trova dove la cultura si esprime nella gioia e nella vivacità delle celebrazioni collettive, un vero inno alla vita."
"2025-12-13 09:42:40.631794+00",location,location,1,"Nelle profondità di caverne millenarie, o tra le mura di antiche abbazie, segreti sono stati gelosamente custoditi per generazioni. La loro eco risuona ancora. Cerca dove il silenzio è custode di un sapere antico, celato agli occhi superficiali del mondo, ma rivelato ai curiosi."
"2025-12-13 09:42:40.631794+00",location,location,1,"Questo è il luogo dove le idee di libertà e ragione hanno acceso una fiamma che ha illuminato il mondo intero. Un periodo di grande fermento intellettuale. Trova la direzione in cui i principi della conoscenza e dell'emancipazione hanno iniziato il loro glorioso cammino, influenzando ogni aspetto della società."
"2025-12-13 09:42:40.631794+00",location,location,1,"Tra le montagne imponenti, una vetta si erge più alta delle altre, un gigante di roccia e ghiaccio che domina il panorama. Simbolo di sfida e conquista. Il tuo indizio si nasconde ai piedi del tetto d'Europa, dove l'aria è pura e la vista è infinita, un panorama mozzafiato."
"2025-12-13 09:42:40.631794+00",location,location,1,"Ricchezze minerali e fertilità del suolo hanno plasmato la prosperità di questa nazione. La terra generosa offre i suoi frutti. Cerca dove le risorse naturali sono state sfruttate con ingegno e rispetto, contribuendo al benessere e allo sviluppo di una civiltà che ne ha saputo trarre vantaggio."
"2025-12-13 09:42:40.631794+00",location,location,1,"Il tuo sguardo deve posarsi dove le dune di sabbia danzano col vento, creando un mare senza fine di oro e silenzio. In questo regno arido e misterioso, l'acqua è un miraggio e la vita lotta per affermarsi. La soluzione non si trova qui, lontano dalle oasi e dai centri abitati."
"2025-12-13 09:42:40.631794+00",location,location,1,"Cerca dove i ghiacciai perenni scolpiscono fiordi profondi, un paesaggio aspro e magnifico modellato da millenni di gelo. Le sue acque sono scure e fredde. Il tuo indizio non è custodito tra queste pareti di ghiaccio e roccia, in un regno di silenzio e freddo pungente."
"2025-12-13 09:42:40.631794+00",location,location,1,"Il tuo cammino ti porterebbe dove la terra respira fuoco, con cime che eruttano fumo e cenere, creando paesaggi lunari e in continua trasformazione. Un potere primordiale si manifesta. Non cercare il tesoro in questa regione di incessante attività geologica, dove il pericolo è costante."
"2025-12-13 09:42:40.631794+00",location,location,1,"Addentrati nella fitta vegetazione di una giungla pluviale, dove il fruscio delle foglie e il richiamo degli animali selvatici creano una sinfonia assordante. L'umidità avvolge ogni cosa e i colori sono vividi. La tua ricerca non prosegue in questo ambiente esotico e lussureggiante, ricco di biodiversità."
"2025-12-13 09:42:40.631794+00",location,location,1,"Il mistero si cela tra le vestigia di una civiltà millenaria, dove piramidi e sfingi dominano un orizzonte di sabbia. Le tombe dei re custodiscono segreti e tesori inestimabili. Non è qui che il tuo viaggio troverà la sua ricompensa, lontano dai riti egizi e dalle rive del Nilo."
"2025-12-13 09:42:40.631794+00",location,location,2,"Lungo un fiume maestoso, si ergono dimore sontuose che furono residenze di re e nobili. Le loro torri e giardini raccontano storie di potere e bellezza. Il prossimo passo ti attende in questa valle fertile, dove la storia monarchica ha lasciato un segno indelebile in un paesaggio incantevole."
"2025-12-13 09:42:40.631794+00",location,location,2,"Dove il sole bacia la terra con un calore generoso, e il mare è di un azzurro profondo, si estende una costa celebre per la sua bellezza e il suo fascino. La macchia mediterranea profuma l'aria. Troverai l'indizio in questa riviera, terra di luce e celebrità, rinomata per il suo stile di vita."
"2025-12-13 09:42:40.631794+00",location,location,2,"Antiche vie lastricate che si snodano attraverso campi e boschi, seguendo le orme di innumerevoli viandanti e credenti. Queste strade sono cariche di spiritualità. Il tuo percorso si interseca con uno di questi cammini storici, dove la fede incontra la natura in un viaggio di introspezione e scoperta."
"2025-12-13 09:42:40.631794+00",location,location,2,"In una regione dove il suolo calcareo e il clima freddo si incontrano, un vino frizzante e celebrativo ha conquistato il mondo. Le sue cantine sotterranee sono labirinti di storia. Il prossimo indizio è dove il brindisi è un'arte e un'istituzione secolare, simbolo di festa e gioia."
"2025-12-13 09:42:40.631794+00",location,location,2,"Incastonate tra le rocce o a guardia di passi strategici, si ergono imponenti fortificazioni che hanno difeso il regno per secoli. Le loro mura raccontano battaglie. Cerca l'indizio in una di queste cittadelle, sentinella silente di un confine antico e di un passato guerriero."
"2025-12-13 09:42:40.631794+00",location,location,2,"Dove il vento e il sole lavorano insieme al mare, si creano paesaggi abbaglianti di cristalli salini. Queste distese bianche sono frutto di un'antica tradizione. Il tuo cammino ti porta dove la natura e l'uomo collaborano per estrarre il prezioso 'oro bianco', elemento essenziale per la vita."
"2025-12-13 09:42:40.631794+00",location,location,2,"In una città che domina un grande fiume, sorgono monumenti di grandezza e bellezza. Qui, la vita pulsa con energia, tra musei e viali alberati. Il tuo obiettivo è nel cuore della nazione, dove la luce e l'eleganza si incontrano, creando un'atmosfera unica e inconfondibile."
"2025-12-13 09:42:40.631794+00",location,location,2,"Una regione bagnata da un mare tempestoso, con scogliere imponenti e spiagge battute dal vento. Qui, la luce è unica e i paesaggi sono drammatici. L'indizio si trova dove il verde intenso incontra il grigio dell'oceano, in una terra di leggende celtiche e di natura selvaggia e affascinante."
"2025-12-13 09:42:40.631794+00",location,location,2,"Sotto il sole cocente, vaste distese di fiori viola profumano l'aria, creando un paesaggio di rara bellezza e armonia. Le loro essenze sono celebri. Il tuo prossimo indizio si cela tra i campi di una regione dove il profumo è un'arte e una tradizione secolare, che incanta i sensi."
"2025-12-13 09:42:40.631794+00",location,location,2,"Una catena di antichi vulcani, ora addormentati, modella un paesaggio collinare unico, con laghi di crateri e rocce scure. Qui la terra ha una storia geologica profonda. Cerca l'indizio in questa regione di cime arrotondate e fonti termali naturali, un luogo di quiete e mistero."
"2025-12-13 09:42:40.631794+00",location,location,2,"Un'opera ingegneristica maestosa, voluta da un re, che unisce due mari, navigando attraverso campagne e borghi. Le sue chiuse sono capolavori tecnici. Il tuo cammino ti porta lungo le sponde di questo canale, testimone di un'ambizione grandiosa che ha unito territori e culture."
"2025-12-13 09:42:40.631794+00",location,location,2,"Nelle profondità della terra, antiche civiltà hanno lasciato tracce indelebili, con pitture rupestri che narrano di un passato preistorico. Queste caverne sono santuari dell'arte primordiale. L'indizio ti attende dove l'uomo antico ha espresso la sua visione del mondo, un tesoro di storia e creatività."
"2025-12-13 09:42:40.631794+00",location,location,2,"In una regione boscosa e collinare, un tesoro nascosto cresce sotto terra, ricercato da secoli per il suo aroma inconfondibile. La sua ricerca è un'arte. Cerca l'indizio dove i sapori della terra sono celebri e il mistero si cela nelle radici degli alberi, un vero paradiso per i buongustai."
"2025-12-13 09:42:40.631794+00",location,location,2,"Alte guglie e vetrate colorate definiscono l'architettura sacra di questa nazione. Queste cattedrali, capolavori di ingegneria e fede, toccano il cielo. Il tuo cammino ti porta vicino a una di queste maestose costruzioni, simbolo di un'epoca di fervore religioso e di grande maestria artistica."
"2025-12-13 09:42:40.631794+00",location,location,2,"Dove i fiumi scorrono tra gole profonde e rocce colorate, creando paesaggi spettacolari e acque turchesi. Questo è un paradiso per gli amanti della natura selvaggia. Trova l'indizio dove l'erosione ha scolpito canyon mozzafiato, in un ambiente incontaminato che incanta con la sua bellezza."
"2025-12-13 09:42:40.631794+00",location,location,2,"In una città costiera, un mercato vivace e colorato offre una profusione di fiori e prodotti locali. Qui, la vita scorre tra profumi e voci. L'indizio si trova dove i colori della Provenza si mescolano ai sapori del Mediterraneo, in un tripudio di sensi che accoglie i visitatori."
"2025-12-13 09:42:40.631794+00",location,location,2,"Percorri una via storica che un tempo era vitale per il commercio di un minerale prezioso, attraversando paesaggi diversi. Questa rotta ha plasmato economie e culture. Il tuo obiettivo è lungo questo antico itinerario, testimone di scambi e viaggi millenari, ricchi di storie e leggende."
"2025-12-13 09:42:40.631794+00",location,location,2,"Una città medievale con mura imponenti e torri di guardia, che ancora oggi conserva l'aspetto di un tempo passato. Le sue porte sono un invito a un viaggio nel tempo. Troverai la soluzione all'interno di una roccaforte, dove la storia si respira nell'aria e ogni angolo racconta un segreto."
"2025-12-13 09:42:40.631794+00",location,location,2,"In una regione baciata dal sole, un vento potente modella gli alberi e porta con sé i profumi della macchia. Questo vento è parte integrante del paesaggio e della cultura. Il tuo obiettivo è dove il maestrale soffia vigoroso, purificando l'aria e lo spirito, portando con sé la storia del territorio."
"2025-12-13 09:42:40.631794+00",location,location,2,"Il tuo viaggio ti porterebbe tra le rovine di una civiltà perduta, dove piramidi a gradoni e antichi templi si ergono nella giungla. Qui, si celebravano divinità solari. La tua ricerca non ha luogo in questa terra di misteri precolombiani, lontana dalle tue mete."
"2025-12-13 09:42:40.631794+00",location,location,2,"Cerca dove una spettacolare formazione corallina accoglie una miriade di vita marina, creando un ecosistema sottomarino di inestimabile bellezza. I colori sono vividi e le forme sorprendenti. Il tuo tesoro non si trova in questo paradiso acquatico, lontano da qui."
"2025-12-13 09:42:40.631794+00",location,location,2,"Tra giardini zen e templi dalle tetti ricurve, l'armonia e la spiritualità dell'estremo oriente risuonano in ogni cosa. Le campane invitano alla meditazione e alla pace interiore. Non cercare il tuo indizio in questi luoghi di culto e pace, con architetture esotiche e tradizioni millenarie."
"2025-12-13 09:42:40.631794+00",location,location,2,"In terre estreme, l'unica forma di vita lotta contro un freddo pungente, in un paesaggio di ghiaccio perenne e neve. Il silenzio è interrotto solo dal vento. Il tuo percorso non ti conduce in queste distese bianche, prive di vegetazione e calore, un ambiente inospitale per la tua missione."
"2025-12-13 09:42:40.631794+00",location,location,2,"Tra le vestigia di un antico impero, dove colonne spezzate e anfiteatri imponenti narrano storie di gladiatori e senatori. Il passato glorioso è palpabile. Sebbene ci siano tracce romane, la soluzione finale non risiede in una città esclusivamente fondata dall'Urbe, ma in un contesto più specifico."
"2025-12-13 09:42:40.631794+00",location,location,3,"Nascosto in un'imponente catena montuosa, un luogo di pellegrinaggio attira milioni di visitatori. Qui, l'acqua scaturisce da una fonte miracolosa, portatrice di speranza. Trova l'indizio in questa valle sacra, dove la fede ha eretto un celebre luogo di guarigione e contemplazione, avvolto da un'atmosfera unica."
"2025-12-13 09:42:40.631794+00",location,location,3,"Tra pareti di roccia calcarea che si tuffano in acque turchesi, si aprono insenature nascoste accessibili via mare o sentieri scoscesi. La natura selvaggia regna sovrana. Cerca il tuo obiettivo in queste formazioni geologiche uniche della costa meridionale, un paesaggio mozzafiato e inatteso."
"2025-12-13 09:42:40.631794+00",location,location,3,"In una regione dove l'erba è rigogliosa e il bestiame pascola liberamente, si producono formaggi di fama mondiale, con un sapore intenso e caratteristico. La tradizione è antica. L'indizio ti aspetta dove l'arte casearia è una secolare eccellenza regionale, un orgoglio per gli abitanti."
"2025-12-13 09:42:40.631794+00",location,location,3,"Lungo le anse di un fiume storico, si specchiano decine di magnifici castelli e fortezze, testimoni di secoli di storia e architettura. Ogni edificio è un gioiello. Troverai il prossimo passo dove l'acqua e la pietra narrano la grandeur di un regno, in un panorama da fiaba."
"2025-12-13 09:42:40.631794+00",location,location,3,"In una parte della costa settentrionale, la roccia assume sfumature insolite, creando un paesaggio fiabesco di scogli levigati dal vento e dal mare. I colori sono unici. Cerca l'indizio dove la geologia dipinge un quadro di rara bellezza naturale, che incanta gli occhi dei visitatori."
"2025-12-13 09:42:40.631794+00",location,location,3,"Un'imponente opera di ingegneria antica, un acquedotto romano che attraversa un fiume, si erge ancora maestoso dopo duemila anni. Tre ordini di arcate sfidano il tempo. Il tuo cammino ti porta vicino a questo capolavoro dell'ingegno antico, simbolo di potenza e durata."
"2025-12-13 09:42:40.631794+00",location,location,3,"In una regione pianeggiante, l'uomo ha per la prima volta sfidato la gravità, sperimentando le prime macchine volanti. Qui, il sogno del volo ha preso forma. Cerca l'indizio dove l'innovazione tecnologica ha segnato un'epoca e cambiato il mondo dei trasporti, aprendo nuove frontiere."
"2025-12-13 09:42:40.631794+00",location,location,3,"Colorati e vivaci, questi mercati all'aperto offrono una profusione di prodotti locali, spezie, tessuti e artigianato. L'aria è pervasa da profumi intensi. Trova il tuo obiettivo nel cuore pulsante di una città di mercato nel sud, dove la vita è un inno ai sensi e alla convivialità."
"2025-12-13 09:42:40.631794+00",location,location,3,"Un'antica foresta, ricca di leggende e storie di fate e cavalieri, con alberi secolari e sentieri misteriosi. Qui, la natura è rimasta selvaggia e intatta. L'indizio ti attende nel fitto di questo bosco millenario, custode di arcani segreti e di un'atmosfera magica e senza tempo."
"2025-12-13 09:42:40.631794+00",location,location,3,"Scavate nella roccia o nel gesso, queste vaste gallerie sotterranee conservano i vini pregiati a temperatura costante. Sono cattedrali silenziose di bottiglie. Il tuo prossimo passo è in queste profondità, dove il tempo matura il frutto della terra, conferendogli un sapore inconfondibile."
"2025-12-13 09:42:40.631794+00",location,location,3,"Su un promontorio spazzato dal vento, un faro solitario veglia sull'oceano, punto estremo di un continente. La sua luce è una guida per i naviganti. Cerca l'indizio vicino a questa sentinella del mare, dove la terra finisce e l'infinito inizia, in un paesaggio di selvaggia bellezza."
"2025-12-13 09:42:40.631794+00",location,location,3,"Un maestoso arco di trionfo celebra le vittorie di un leggendario imperatore, eretto nel cuore della capitale. Sotto di esso, scorre la memoria storica. Il tuo sguardo deve trovare la via verso questa imponente struttura che domina un grande viale, simbolo di potere e grandezza."
"2025-12-13 09:42:40.631794+00",location,location,3,"Arroccati su speroni rocciosi o colline scoscese, questi villaggi medievali sembrano sfidare la gravità, offrendo panorami mozzafiato. Le loro stradine sono un labirinto. L'indizio ti attende in uno di questi nidi d'aquila, custode di un fascino senza tempo e di storie antiche."
"2025-12-13 09:42:40.631794+00",location,location,3,"Un'area protetta di straordinaria bellezza, con ghiacciai, vette imponenti e una fauna alpina ricca e diversificata. Qui la natura è selvaggia e incontaminata. Cerca il tesoro in questo santuario montano, dove l'aria è cristallina e i panorami sono grandiosi, un vero paradiso per gli escursionisti."
"2025-12-13 09:42:40.631794+00",location,location,3,"Sulle rive di un fiume, si erge una città storica con un imponente palazzo, che fu per un periodo sede papale. Le sue mura e ponti raccontano una storia unica. Troverai il prossimo indizio in questa roccaforte di fede e potere storico, che domina il paesaggio con la sua maestosità."
"2025-12-13 09:42:40.631794+00",location,location,3,"In una città che si anima con spettacolari proiezioni luminose su edifici storici, un festival celebra l'innovazione e l'arte visiva. Qui, la notte si trasforma in magia. Il tuo percorso ti porterà verso dove la luce è protagonista di un evento unico, che incanta e meraviglia."
"2025-12-13 09:42:40.631794+00",location,location,3,"Nelle profondità della terra, stalattiti e stalagmiti creano sculture naturali di rara bellezza, illuminate da giochi di luce. Il tempo ha modellato queste meraviglie. L'indizio si cela in questa cattedrale sotterranea, capolavoro della geologia che rivela i segreti del sottosuolo."
"2025-12-13 09:42:40.631794+00",location,location,3,"Sulla costa settentrionale, il mare si ritira per chilometri, rivelando distese sabbiose e pozze ricche di vita marina. Le maree sono potenti. Troverai il tuo obiettivo in questa regione, dove la natura mostra la sua forza e i suoi ritmi ancestrali, un paesaggio in continua evoluzione."
"2025-12-13 09:42:40.631794+00",location,location,3,"In una località del sud, l'industria del profumo ha radici profonde, con campi di fiori e laboratori artigianali che creano essenze uniche. Qui, l'arte della fragranza è di casa. Cerca l'indizio dove i maestri profumieri custodiscono antichi segreti, creando armonie olfattive senza tempo."
"2025-12-13 09:42:40.631794+00",location,location,3,"Allineamenti di pietre misteriose si ergono in una piana, testimonianza di antichi culti e civiltà preistoriche. Il loro significato è ancora un enigma. L'indizio ti attende in questo sito archeologico, dove il passato remoto risuona nel vento, evocando antichi riti e credenze."
"2025-12-13 09:42:40.631794+00",location,location,3,"Il tuo cammino ti porterebbe dove l'uccello simbolo vola in libertà tra foreste pluviali e spiagge vulcaniche. Qui, la cultura maori è vibrante e le leggende si tramandano. La tua ricerca non si conclude in questa lontana isola, patria di paesaggi unici e di una natura rigogliosa."
"2025-12-13 09:42:40.631794+00",location,location,3,"Percorri le fortificazioni millenarie che si snodano per migliaia di chilometri attraverso montagne e deserti, costruite per difendere un impero. Un'opera umana colossale. La tua meta non è vicino a queste torri di guardia e merlature, lontano dalle tue coste."
"2025-12-13 09:42:40.631794+00",location,location,3,"Il tuo indizio si cela tra le isole dove la fauna è unica al mondo, con specie endemiche che hanno ispirato teorie scientifiche. Un vero laboratorio naturale, ricco di vita. Non cercare il tesoro in questo arcipelago vulcanico, lontano dalle tue coste, un paradiso incontaminato."
"2025-12-13 09:42:40.631794+00",location,location,3,"In vaste pianure, la vita selvaggia si manifesta in tutta la sua magnificenza, tra mandrie di animali e cacciatori predatori. Il sole brucia la terra. Il tuo percorso non ti conduce in questa terra di safari e di albe infuocate, lontana da ogni civiltà europea e dalle tue mete."
"2025-12-13 09:42:40.631794+00",location,location,3,"Tra le rovine di un'antica civiltà mesoamericana, piramidi a gradoni e bassorilievi raccontano di un sapere astronomico e matematico avanzato. Il mistero avvolge le giungle. Non è qui che troverai il tuo premio, tra i segreti della foresta pluviale e i richiami di una cultura lontana."
"2025-12-13 09:42:40.631794+00",location,location,4,"Nel cuore della grande capitale, una struttura in ferro si erge maestosa, visibile da ogni angolo della città, un faro di ingegneria e simbolo nazionale. Non è la struttura stessa, ma l'area circostante la sua base a custodire un indizio, luogo di passeggio e di incontro, sotto la sua ombra protettiva."
"2025-12-13 09:42:40.631794+00",location,location,4,"Un grande museo, un tempo palazzo reale, ospita capolavori inestimabili. La sua entrata moderna, una piramide di vetro, contrasta con la storia antica. L'indizio ti attende vicino a questa fusione di vecchio e nuovo, un tempio universale della bellezza che accoglie milioni di visitatori."
"2025-12-13 09:42:40.631794+00",location,location,4,"Al termine di un celebre viale alberato, che conduce a un arco maestoso, si trovano negozi di lusso e caffè eleganti. È un luogo di celebrazioni e passeggiate. Il tuo percorso ti porterà lungo questa strada gloriosa, simbolo di fasto e storia nazionale, dove la vita pulsa con energia."
"2025-12-13 09:42:40.631794+00",location,location,4,"Sulle rive di un fiume, si erge una cattedrale gotica con due imponenti torri campanarie, famosa per le sue vetrate e la sua storia millenaria. È un simbolo della fede e dell'architettura. L'indizio ti aspetta nelle sue vicinanze, dove il sacro incontra l'arte in un'atmosfera di solennità e bellezza."
"2025-12-13 09:42:40.631794+00",location,location,4,"Un magnifico palazzo reale, con giardini sfarzosi e sale sontuose, fu la residenza di un re leggendario. La sua opulenza è senza pari. Il tuo obiettivo è vicino a questa dimora di straordinaria grandezza, dove l'assolutismo ha raggiunto il suo apice, un capolavoro di architettura e paesaggismo."
"2025-12-13 09:42:40.631794+00",location,location,4,"Un'imponente abbazia fortificata sorge su un'isola rocciosa al largo della costa, raggiungibile solo con la bassa marea. È una meraviglia del mondo. L'indizio si trova in questa fortezza monastica, un gioiello medievale tra terra e mare, che sfida le leggi della natura e del tempo."
"2025-12-13 09:42:40.631794+00",location,location,4,"In un quartiere storico della capitale, un mercato coperto vivace offre prelibatezze e prodotti freschi, un vero paradiso per i buongustai. I suoi corridoi sono pieni di sapori. Cerca l'indizio in questa oasi gastronomica, cuore pulsante della cucina cittadina e luogo di incontro per tutti."
"2025-12-13 09:42:40.631794+00",location,location,4,"In un luogo di memoria e contemplazione, un muro reca incisi i nomi di migliaia di persone che persero la vita in un tragico conflitto mondiale. È un monito alla pace. Il tuo percorso ti porta vicino a questo monumento sobrio, ma potente, che non si deve dimenticare, un simbolo di speranza."
"2025-12-13 09:42:40.631794+00",location,location,4,"Nelle profondità di caverne millenarie, si rivelano alcune delle più antiche e sorprendenti opere d'arte umana, raffiguranti animali e simboli. Sono un tesoro dell'umanità. L'indizio ti aspetta in queste sacre sale sotterranee, dove l'arte è nata, un viaggio nel passato più remoto."
"2025-12-13 09:42:40.631794+00",location,location,4,"Un'imponente struttura ingegneristica, un viadotto modernissimo che attraversa una vasta valle, sfidando l'altezza con la sua eleganza. È un capolavoro architettonico. Cerca l'indizio sotto le arcate di questo ponte futuristico, simbolo di audacia e visione, che si integra perfettamente nel paesaggio."
"2025-12-13 09:42:40.631794+00",location,location,4,"In una grande città costiera del sud, un porto storico è il cuore pulsante della vita locale, con barche, ristoranti e un vivace mercato del pesce. Il suo ingresso è iconico. Il tuo obiettivo è in questa baia animata, dove il mare incontra la storia urbana, un luogo di tradizioni e modernità."
"2025-12-13 09:42:40.631794+00",location,location,4,"La vetta più alta dell'Europa occidentale, un colosso di roccia e ghiaccio che domina un vasto panorama alpino, meta di alpinisti. Il suo nome è sinonimo di sfida. L'indizio è ai piedi di questa montagna iconica, nel suo celebre centro turistico, un paradiso per gli amanti della natura."
"2025-12-13 09:42:40.631794+00",location,location,4,"In una regione nord-occidentale, vasti campi furono teatro di uno sbarco epocale che cambiò il corso della storia mondiale. Qui, si commemorano eroi. Il tuo percorso ti porterà tra queste spiagge e memoriali, silenziosi testimoni di un'impresa colossale che ha lasciato un segno indelebile."
"2025-12-13 09:42:40.631794+00",location,location,4,"In una regione orientale, una strada serpeggia tra i vigneti più prestigiosi del mondo, dove si producono alcuni dei vini più costosi e celebrati. Ogni villaggio è una leggenda. Cerca l'indizio lungo questa via sacra per gli amanti del vino d'eccellenza, un percorso sensoriale unico."
"2025-12-13 09:42:40.631794+00",location,location,4,"Su una collina che domina la capitale, si trova una celebre basilica dalla cupola bianca, luogo di culto e ritrovo di artisti e bohémien. La vista da qui è mozzafiato. L'indizio ti attende in questa piazza vibrante, ricca di storia e creatività, un'oasi di ispirazione."
"2025-12-13 09:42:40.631794+00",location,location,4,"In una città al confine orientale, la tradizione del cioccolato è antica e rinomata, con botteghe artigianali che creano delizie uniche. Il suo profumo avvolge le strade. Troverai la soluzione in questa capitale della dolcezza, crocevia di culture e sapori inconfondibili."
"2025-12-13 09:42:40.631794+00",location,location,4,"Un antico palazzo nel sud, un tempo residenza di nobili, ospita ora un museo dedicato alla storia del commercio di spezie e profumi. Le sue mura narrano di rotte esotiche. Cerca l'indizio dove i profumi d'Oriente si incontrano con la tradizione locale, in un viaggio olfattivo senza tempo."
"2025-12-13 09:42:40.631794+00",location,location,4,"In una città fortificata del sud, una cittadella medievale con imponenti mura e torri domina il paesaggio, conservando intatto il suo aspetto storico. È un patrimonio dell'umanità. L'indizio ti attende all'interno di questa rocca millenaria, custode di un passato glorioso e di innumerevoli segreti."
"2025-12-13 09:42:40.631794+00",location,location,4,"Un'opera idraulica del XVII secolo, che collega l'Atlantico al Mediterraneo, attraversa campagne e borghi, permettendo la navigazione fluviale. È un capolavoro di ingegneria. Cerca l'indizio lungo le sue sponde, dove le chiuse sono ancora in funzione, testimoniando un'antica impresa umana."
"2025-12-13 09:42:40.631794+00",location,location,4,"Vicino alla capitale, un vasto parco divertimenti di fama mondiale attira milioni di visitatori con le sue attrazioni e personaggi fiabeschi. Qui, la fantasia prende vita. Il tuo obiettivo non è tra le sue giostre, ma in un luogo nelle vicinanze, legato al suo arrivo e alla sua infrastruttura circostante."
"2025-12-13 09:42:40.631794+00",location,location,4,"Il tuo viaggio ti porterebbe tra le profonde insenature della costa settentrionale, dove montagne a picco si immergono in acque gelide e scure. La natura è aspra e maestosa. Il tuo premio non è custodito in queste valli glaciali, lontane dal sole mediterraneo e dalle tue destinazioni."
"2025-12-13 09:42:40.631794+00",location,location,4,"Il tuo indizio si cela dietro la cortina d'acqua più famosa del mondo, dove milioni di litri precipitano con fragore, creando una nebbia costante. La forza della natura è spettacolare. Non cercare il tesoro in questo confine naturale tra due grandi nazioni, lontano dalle tue ricerche."
"2025-12-13 09:42:40.631794+00",location,location,4,"Cerca dove una città inca perduta si erge tra le Ande, avvolta dalla nebbia, un capolavoro di architettura e ingegneria precolombiana. Le sue terrazze verdi sfidano il tempo. La tua ricerca non prosegue in questa cittadella perduta, in vetta alla montagna, tra i segreti di una civiltà antica."
"2025-12-13 09:42:40.631794+00",location,location,4,"Attraversa le gole profonde e i paesaggi desertici di un canyon imponente, scolpito da un fiume per milioni di anni. I colori della roccia cambiano con la luce. Il tuo indizio non si trova in questa meraviglia geologica del continente americano, un luogo di grandezza naturale e silenzio maestoso."
"2025-12-13 09:42:40.631794+00",location,location,4,"Il tuo obiettivo non è il mausoleo di marmo bianco, una gemma dell'architettura moghul, simbolo di amore eterno, con le sue cupole e minareti che riflettono la luce. La sua bellezza è incomparabile. Non cercare il premio in questa icona asiatica, lontana dalle tue mete europee."
"2025-12-13 11:20:43.535189+00",location,location,1,"Un serpente d'acqua attraversa il suo ventre, testimone di secoli di storia e amori infiniti. Le sue rive nascondono segreti antichi e promesse future, narrando leggende ad ogni curva."
"2025-12-13 11:20:43.535189+00",location,location,1,"La città dove le luci danzano sull'acqua, riflettendo la sua anima artistica. Un luogo di storie sussurrate e sogni che prendono forma sotto un cielo stellato, promettendo meraviglia ad ogni angolo."
"2025-12-13 11:20:43.535189+00",location,location,1,"Qui, la bellezza è scolpita in ogni pietra e dipinta in ogni angolo. Un santuario per la creatività, dove capolavori del mondo riposano in attesa di essere scoperti, custodi di storie immortali."
"2025-12-13 11:20:43.535189+00",location,location,1,"Un'imponente struttura metallica che sfida il cielo, simbolo di ingegno e di una visione audace. La sua ombra accarezza i giardini sottostanti al calar del sole, vegliando sulla città."
"2025-12-13 11:20:43.535189+00",location,location,4,"Un complesso imperiale di palazzi, custode di millenni di storia. Simbolo di potere e cultura, un labirinto di cortili e sale maestose, un tesoro architettonico."
"2025-12-13 11:20:43.535189+00",location,location,4,"Un mausoleo di marmo bianco, inno all'amore eterno. La sua bellezza simmetrica e la sua storia romantica incantano milioni di visitatori, un'opera d'arte senza tempo."
"2025-12-13 11:20:43.535189+00",location,location,4,"Un'antica roccaforte inca tra le vette andine. Le sue pietre raccontano di un impero misterioso, avvolto nella nebbia e nella leggenda, un luogo di meraviglia."
"2025-12-13 11:20:43.535189+00",location,location,1,"Un viale maestoso dove il lusso incontra la storia. Qui le celebrazioni risuonano e le passeggiate diventano leggende, culminando in un arco trionfale che ne celebra la grandezza."
"2025-12-13 11:20:43.535189+00",location,location,1,"Sulla cima di un'altura, una basilica bianca veglia sulla città, offrendo panorami mozzafiato. Un luogo di pace e ispirazione per artisti e pellegrini, dove il tempo sembra fermarsi."
"2025-12-13 11:20:43.535189+00",location,location,1,"Un numero civico che identifica la sua essenza. Cerca tra le cifre l'anima di un luogo dove ogni strada ha una storia da raccontare e ogni angolo nasconde un mistero da svelare."
"2025-12-13 11:20:43.535189+00",location,location,1,"Il cuore antico pulsa su un'isola fluviale, culla di cattedrali e leggende. Le sue fondamenta narrano l'origine di un impero culturale, un luogo dove la storia ha lasciato il segno."
"2025-12-13 11:20:43.535189+00",location,location,1,"Sotto le strade brulicanti, un reticolo silenzioso di passaggi. Un luogo dove la storia riposa in un ordine macabro, un viaggio nel passato più profondo e misterioso della città."
"2025-12-13 11:20:43.535189+00",location,location,1,"Un mulino rosso che non macina grano, ma sogni e spettacoli. Un'icona di vivacità notturna dove l'arte della danza prende vita in un'esplosione di colori e musica, un'atmosfera vibrante."
"2025-12-13 11:20:43.535189+00",location,location,1,"Canali serpeggianti e serenate al tramonto. Una città sull'acqua, dove il tempo sembra essersi fermato, tra ponti e calli misteriosi, un luogo unico al mondo."
"2025-12-13 11:20:43.535189+00",location,location,1,"L'eco di gladiatori e imperi risuona tra rovine maestose. Una capitale eterna, dove la storia si respira in ogni pietra e ogni via, un monumento alla grandezza passata."
"2025-12-13 11:20:43.535189+00",location,location,1,"Un grande orologio che scandisce il tempo sopra un fiume. Una metropoli nebbiosa, dove la tradizione incontra la modernità in un abbraccio regale, un simbolo di puntualità."
"2025-12-13 11:20:43.535189+00",location,location,2,"Un cristallo moderno che custodisce tesori antichi. Un ingresso enigmatico a un regno di arte e storia, dove la luce gioca con le forme, unendo passato e presente in armonia."
"2025-12-13 11:20:43.535189+00",location,location,2,"Un monumento che celebra vittorie e onori, al centro di un crocevia di vie illustri. Sotto la sua volta, si respira la grandezza di un impero, un'imponente testimonianza storica."
"2025-12-13 11:20:43.535189+00",location,location,2,"Un'icona gotica che si sta rialzando dalle ceneri. La sua maestosità, seppur segnata, continua a ispirare, testimone silenziosa di secoli di storia e resilienza, un faro di speranza."
"2025-12-13 11:20:43.535189+00",location,location,2,"Un ponte dove l'amore si sigilla, anche se i lucchetti sono spariti. Collega due rive, simbolo di unione e di promesse eterne sulla corrente, un luogo iconico per gli innamorati."
"2025-12-13 11:20:43.535189+00",location,location,2,"Un'area dove il sapere e la vivacità studentesca si incontrano. Strade acciottolate, librerie antiche e caffè letterari, custodi di intelletto e di una cultura vibrante e senza tempo."
"2025-12-13 11:20:43.535189+00",location,location,2,"Un palazzo sontuoso, teatro di drammi e melodie. La sua architettura opulenta nasconde segreti e leggende, dove il sipario non cala mai del tutto, un luogo di arte e mistero."
"2025-12-13 11:20:43.535189+00",location,location,2,"Un'oasi verde dove la simmetria e la bellezza regnano sovrane. Fontane e statue adornano questo luogo di passeggiate nobili e riflessioni silenziose, un'oasi di pace nel cuore della città."
"2025-12-13 11:20:43.535189+00",location,location,2,"Una rete capillare che pulsa sotto la superficie. Un labirinto di binari e stazioni, che connette ogni angolo della città con velocità e discrezione, un'arteria vitale urbana."
"2025-12-13 11:20:43.535189+00",location,location,2,"Un numero che definisce la sua complessa struttura. Ogni distretto un mondo a sé, con la propria identità, contribuendo al mosaico urbano, un insieme di storie e culture diverse."
"2025-12-13 11:20:43.535189+00",location,location,2,"Un muro dove le parole più dolci sono scritte in ogni lingua. Un simbolo universale di affetto, nascosto in un quartiere bohémien e romantico, un inno all'amore senza confini."
"2025-12-13 11:20:43.535189+00",location,location,2,"Un'antica barriera che segnava un confine imperiale. Le sue rovine narrano storie di legioni e di un passato glorioso in terre selvagge, un monumento alla storia e alla difesa."
"2025-12-13 11:20:43.535189+00",location,location,2,"Un'icona colossale che accoglie i sogni di milioni. Il suo faro guida speranze verso un nuovo mondo, in una baia trafficata, un simbolo di libertà e opportunità."
"2025-12-13 11:20:43.535189+00",location,location,2,"Una fioritura effimera che incanta un'intera nazione. Tradizioni millenarie e armonia zen in una terra di contrasti e tecnologia, un'esperienza di bellezza e cultura."
"2025-12-13 11:20:43.535189+00",location,location,3,"L'epicentro storico, dove la città prese forma. Qui, le radici di un popolo si intrecciano con il destino di un continente, tra chiese e giustizia, un luogo di fondazione."
"2025-12-13 11:20:43.535189+00",location,location,3,"La struttura che ha sfidato le critiche e conquistato il mondo. Un capolavoro di ingegneria che ha cambiato lo skyline, visibile da ogni punto, un'icona di audacia e innovazione."
"2025-12-13 11:20:43.535189+00",location,location,3,"La sequenza numerica che svela la sua identità profonda. Ogni cifra un tassello, ogni 'XX' un quartiere, un'indicazione per la tua ricerca, un segreto da decifrare."
"2025-12-13 11:20:43.535189+00",location,location,3,"Il luogo dove la storia ha versato sangue, ora simbolo di armonia. Un obelisco egizio e due fontane maestose raccontano di epoche passate, un crocevia di storie e bellezza."
"2025-12-13 11:20:43.535189+00",location,location,3,"Sotto le strade vivaci, un labirinto silenzioso di ossa. Un viaggio nel passato più oscuro, dove i resti di milioni riposano in un ordine macabro e affascinante, un segreto sotterraneo."
"2025-12-13 11:20:43.535189+00",location,location,3,"La sentinella bianca sulla collina, un faro spirituale. La sua architettura romano-bizantina domina il panorama, offrendo pace e una vista infinita, un luogo di contemplazione e bellezza."
"2025-12-13 11:20:43.535189+00",location,location,3,"Un quartiere intriso di storia e fascino, con palazzi rinascimentali. Antichi vicoli e cortili nascosti, dove l'eleganza si fonde con la modernità, un gioiello da scoprire."
"2025-12-13 11:20:43.535189+00",location,location,3,"Un'antica stazione ferroviaria trasformata in tempio dell'impressionismo. L'arte del XIX secolo trova casa sotto un orologio monumentale che scandisce il tempo, un connubio unico."
"2025-12-13 11:20:43.535189+00",location,location,3,"Un giardino monumentale dove riposano celebrità e anonimi. Le sue tombe narrano storie di arte, musica e letteratura, in un'atmosfera di quiete e riflessione, un luogo di memoria."
"2025-12-13 11:20:43.535189+00",location,location,3,"Un drago di pietra che si snoda tra montagne e valli. Un'opera colossale, testimone di imperi millenari e di una cultura antica e ricca, un simbolo di forza e tenacia."
"2025-12-13 11:20:43.535189+00",location,location,3,"La culla della democrazia e della filosofia, innalzata su una roccia. Templi maestosi che narrano di dei e eroi, sotto il sole mediterraneo, un luogo di saggezza e storia."
"2025-12-13 11:20:43.535189+00",location,location,3,"Una cicatrice che ha diviso un popolo e una città. La sua caduta ha segnato la fine di un'era, ma i suoi resti raccontano ancora di libertà, un monito alla storia."
"2025-12-13 11:20:43.535189+00",location,location,3,"La via d'acqua principale di una città unica, percorsa da imbarcazioni. Palazzi storici si affacciano su questa arteria liquida, tra arte e mistero, un panorama inconfondibile."
"2025-12-13 11:20:43.535189+00",location,location,4,"Il suo nome, legato a una leggenda, si erge sull'isola più antica. Un simbolo di resilienza, rinascita e bellezza gotica sulle rive del fiume, un monumento eterno."
"2025-12-13 11:20:43.535189+00",location,location,4,"Un percorso monumentale che attraversa la città, da un arco moderno a quello antico. Collega punti di potere e bellezza, culminando in un'icona, un viaggio attraverso la storia."
"2025-12-13 11:20:43.535189+00",location,location,4,"La struttura che porta il nome del suo creatore, un inno all'ingegneria del XIX secolo. Dalla sua cima, la città si svela come una mappa vivente, un panorama indimenticabile."
"2025-12-13 11:20:43.535189+00",location,location,4,"Un numero che identifica la sua appartenenza amministrativa. Cerca la sua capitale, dove la storia e la modernità si fondono in un unico codice, un'essenza urbana unica."
"2025-12-13 11:20:43.535189+00",location,location,4,"Dove l'arte fiorisce in un ambiente inaspettato. Le tele di Monet e Renoir riempiono le sale di un edificio che un tempo accoglieva treni, un connubio di storia e bellezza."
"2025-12-13 11:20:43.535189+00",location,location,4,"L'ingresso a un mondo sotterraneo, un ossario monumentale. Sotto il livello stradale, una città di scheletri narra il suo passato macabro e affascinante, un segreto profondo."
"2025-12-13 11:20:43.535189+00",location,location,4,"Vicina ai mercati antichi, una chiesa imponente. La sua architettura gotica e rinascimentale si erge maestosa nel cuore pulsante del commercio, un'oasi di spiritualità."
"2025-12-13 11:20:43.535189+00",location,location,4,"Un'istituzione accademica che ha plasmato menti per secoli. Le sue aule hanno visto nascere idee rivoluzionarie, nel cuore del Quartiere Latino, un faro di conoscenza."
"2025-12-13 11:22:27.11028+00",location,location,1,"Un centro culturale d'Europa, noto per i suoi maestosi viali e giardini regali. Un luogo dove ogni angolo racconta una storia millenaria, tessuta tra architetture imponenti e spazi verdi curati."
"2025-12-13 11:22:27.11028+00",location,location,1,"Una capitale dove l'arte si fonde con la storia, bagnata da un fiume sinuoso che divide le sue anime. La sua aura è di luce e romanticismo eterno, invitando a scoprire ogni suo angolo nascosto con meraviglia."
"2025-12-13 11:22:27.11028+00",location,location,1,"Sotto il velo della notte, una struttura di ferro svetta, simbolo di un'epoca. Le sue luci danzano, invitando al sogno in una metropoli di sogni, un faro in un mare di architetture."
"2025-12-13 11:22:27.11028+00",location,location,1,"Qui, la moda non è solo abito, ma un'espressione di vita. I caffè storici osservano il flusso di pensieri e di passanti in un'atmosfera unica, dove l'eleganza è intrinseca ad ogni via."
"2025-12-13 11:22:27.11028+00",location,location,1,"La melodia di un antico carillon sembra risuonare tra le sue vie, mentre lo spirito di grandi pensatori e artisti aleggia ancora. Un'ispirazione per generazioni, un palcoscenico per la cultura."
"2025-12-13 11:22:27.11028+00",location,location,3,"La 'piramide di vetro' è l'ingresso a un museo che ospita la Gioconda, il cui nome è un anagramma di 'OULVER'. Un simbolo moderno che cela tesori antichi e un sorriso enigmatico."
"2025-12-13 11:22:27.11028+00",location,location,1,"Sede di capolavori inestimabili, protetti da architetture imponenti. Un invito a perdersi tra le pagine di un libro d'arte vivente, dove ogni sala è un capitolo di bellezza e storia universale."
"2025-12-13 11:22:27.11028+00",location,location,1,"Dove l'acqua riflette cieli grigi e sereni, e ponti adornati con lucchetti d'amore narrano promesse eterne. Una città di sussurri e segreti, dove ogni riflesso cela una nuova prospettiva."
"2025-12-13 11:22:27.11028+00",location,location,1,"L'ombra di un impero passato si estende su piazze monumentali. Un crocevia di culture, dove ogni pietra ha visto la storia cambiare, testimone silenziosa di epoche gloriose e tumultuose."
"2025-12-13 11:22:27.11028+00",location,location,1,"Un luogo dove la gastronomia è un'arte e ogni pasto una celebrazione. I profumi di pane fresco e dolci seducono i sensi ad ogni angolo, un paradiso per il palato in ogni quartiere."
"2025-12-13 11:22:27.11028+00",location,location,1,"La capitale insulare, dove un orologio gigante scandisce il tempo e un fiume maestoso accoglie ponti iconici. Un centro di potere e cultura, con una storia che si estende per millenni."
"2025-12-13 11:22:27.11028+00",location,location,1,"La città eterna, costruita su sette colli, dove rovine millenarie convivono con la vivacità moderna. Un museo a cielo aperto, custode di un passato glorioso e di un presente vibrante."
"2025-12-13 11:22:27.11028+00",location,location,1,"Una metropoli di vetro e acciaio, famosa per la sua energia incessante e i suoi teatri scintillanti. Un crocevia di culture e innovazione, dove i sogni si alzano come i suoi grattacieli."
"2025-12-13 11:22:27.11028+00",location,location,2,"Una città con 20 divisioni amministrative, ognuna con la sua identità distintiva. Un labirinto di storia e modernità, attraversato da un serpente d'acqua che ne modella il paesaggio urbano."
"2025-12-13 11:22:27.11028+00",location,location,2,"Famosa per un'opera lirica il cui fantasma leggendario abita i suoi sotterranei. Un'architettura sontuosa che incanta con la sua grandezza, un capolavoro di arte e mistero."
"2025-12-13 11:22:27.11028+00",location,location,2,"Sulle rive del suo fiume, si ammirano le bancarelle dei bouquinistes, custodi di storie antiche e nuove. Un patrimonio letterario a cielo aperto, un invito a sfogliare il passato e il presente."
"2025-12-13 11:22:27.11028+00",location,location,2,"La sua 'dama di ferro' domina lo skyline, mentre sotto i suoi piedi, un intricato sistema di trasporto sotterraneo collega ogni angolo. Un'infrastruttura efficiente, una meraviglia d'ingegneria."
"2025-12-13 11:22:27.11028+00",location,location,2,"Un arco imponente celebra vittorie passate, punto focale di dodici viali che si irradiano come raggi di sole da un centro storico. Un monumento alla gloria, un crocevia di destini."
"2025-12-13 11:22:27.11028+00",location,location,2,"La sua 'isola della città' ospita una cattedrale gotica che ha resistito ai secoli e al fuoco, simbolo di resilienza e fede. Un cuore spirituale che pulsa nel centro urbano."
"2025-12-13 11:22:27.11028+00",location,location,2,"Il 'museo del Louvre' è un nome che non si pronuncia, ma il suo ingresso piramidale di vetro è un indizio. Custode di un sorriso enigmatico, un tesoro di bellezza e mistero."
"2025-12-13 11:22:27.11028+00",location,location,2,"Un quartiere sulla riva sinistra è il cuore intellettuale, con università secolari e caffè che hanno ospitato filosofi e scrittori. Un luogo di fermento culturale e di idee rivoluzionarie."
"2025-12-13 11:22:27.11028+00",location,location,2,"Le sue gallerie coperte, retaggio del XIX secolo, offrono un viaggio nel tempo tra negozi d'epoca e architetture affascinanti. Un'esperienza di shopping e storia sotto un unico tetto."
"2025-12-13 11:22:27.11028+00",location,location,2,"La 'Basilica del Sacro Cuore' veglia dall'alto di una collina, offrendo panorami mozzafiato sulla distesa urbana sottostante. Un punto di riferimento spirituale e visivo, un'oasi di pace."
"2025-12-13 11:22:27.11028+00",location,location,2,"La città della musica, dove valzer e sinfonie risuonano in palazzi imperiali e caffè eleganti. Un'atmosfera di grandezza storica e raffinatezza culturale, un gioiello d'Europa."
"2025-12-13 11:22:27.11028+00",location,location,2,"La culla del Rinascimento, con una cupola maestosa e gallerie d'arte che custodiscono tesori inestimabili. Un centro di bellezza e innovazione, dove l'arte prende vita ad ogni angolo."
"2025-12-13 11:22:27.11028+00",location,location,2,"Divisa e riunita, questa capitale porta i segni di una storia complessa, con monumenti che ricordano il suo passato. Un simbolo di resilienza e trasformazione, un luogo di memoria e futuro."
"2025-12-13 11:22:27.11028+00",location,location,3,"Il suo codice postale principale inizia con '75', un indizio numerico per una metropoli dove ogni cifra racconta una storia. Dalla prima alla ventesima divisione, un viaggio continuo e affascinante."
"2025-12-13 11:22:27.11028+00",location,location,3,"Un monumento commemorativo di guerre, dove la 'Fiamma Eterna' brucia sotto un arco che domina gli Champs. Un simbolo di memoria nazionale, un tributo ai caduti per la libertà."
"2025-12-13 11:22:27.11028+00",location,location,3,"L'isola che diede i natali alla città, con una cattedrale che ha visto incoronazioni e rivoluzioni. Il suo nome è un anagramma di 'TECIA', un cuore storico che pulsa ancora forte."
"2025-12-13 11:22:27.11028+00",location,location,3,"La 'collina degli artisti' o 'montagna del martire', famosa per la sua basilica bianca e i suoi pittori di strada. Un luogo di ispirazione e bellezza, con panorami indimenticabili."
"2025-12-13 11:22:27.11028+00",location,location,3,"Un quartiere noto per le sue librerie storiche e la sua università, fondata nel 1257. Un faro di conoscenza sulla riva sinistra, dove la cultura e l'erudizione fioriscono da secoli."
"2025-12-13 11:22:27.11028+00",location,location,3,"Il fiume che la attraversa ha una lunghezza di circa 777 chilometri, ma solo una parte scorre attraverso il cuore della città. Un'arteria vitale che modella il paesaggio e la storia."
"2025-12-13 11:22:27.11028+00",location,location,3,"Sotto i suoi ponti, il numero 37 è significativo per il totale degli attraversamenti stradali che collegano le due rive. Un intreccio di collegamenti che unisce la città in un abbraccio."
"2025-12-13 11:22:27.11028+00",location,location,3,"La 'Place de la Concorde', un tempo luogo di esecuzioni, ora ospita un obelisco egiziano e due fontane gemelle. Un'elegante piazza che ha visto la storia trasformarsi."
"2025-12-13 11:22:27.11028+00",location,location,3,"La 'Venezia del Nord', con canali pittoreschi e case strette. Il suo codice postale inizia spesso con '10'. Un luogo di fascino unico, dove l'acqua è la via principale di trasporto."
"2025-12-13 11:22:27.11028+00",location,location,3,"Sede di un famoso ponte levatoio e di un palazzo reale. Il suo fiume è attraversato da oltre 30 ponti, ognuno con una storia da raccontare, unendo passato e presente."
"2025-12-13 11:22:27.11028+00",location,location,3,"Città senza auto, dove gondole e vaporetti sono i principali mezzi di trasporto. Il suo nome ricorda una dea marina, un luogo magico sospeso tra acqua e cielo, unico al mondo."
"2025-12-13 11:22:27.11028+00",location,location,4,"La sua 'Torre' fu inaugurata per l'Esposizione Universale del 1889, un anno cruciale per la storia mondiale. Il numero 324 è legato alla sua altezza, simbolo di un'era di innovazione e grandezza."
"2025-12-13 11:22:27.11028+00",location,location,4,"L'indirizzo del 'museo più visitato al mondo' è Rue de Rivoli, 75001. Un codice che svela la sua posizione centrale nel cuore della capitale, un punto di riferimento per l'arte globale."
"2025-12-13 11:22:27.11028+00",location,location,4,"Sotto l'Arco di Trionfo, la 'Tomba del Milite Ignoto' fu installata nel 1921. Un simbolo di memoria nazionale, al centro di una stella a 12 punte che irradia le sue vie, un omaggio eterno."
"2025-12-13 11:22:27.11028+00",location,location,4,"Il 'Quartiere Latino' prende il nome dalla lingua parlata nelle sue antiche università. Un'area ricca di storia, cultura e fermento intellettuale, dove il sapere ha radici profonde."
"2025-12-13 11:22:27.11028+00",location,location,4,"Il 'Canal Saint-Martin', lungo 4,5 km, è famoso per le sue chiuse e le sue atmosfere bohémien, lontano dai circuiti più battuti. Un angolo pittoresco, un'oasi di tranquillità urbana."
"2025-12-13 11:22:27.11028+00",location,location,4,"La 'Rue du Faubourg Saint-Honoré' è un'arteria della moda, con negozi di alta couture e ambasciate, situata nel 8° arrondissement. Un simbolo di lusso e stile, un cuore pulsante dell'eleganza."
"2025-12-13 11:22:27.11028+00",location,location,4,"La 'Città della Scienza e dell'Industria' si trova nel Parc de la Villette, nel 19° arrondissement. Un centro di conoscenza moderna e innovazione, un luogo per esplorare il futuro."
"2025-12-13 11:22:27.11028+00",location,location,4,"Il 'Pont Neuf', nonostante il nome, è il più antico ponte della città, completato nel 1607. Conta 12 archi che attraversano il fiume, un'icona storica che unisce le sue sponde."
"2025-12-13 11:22:27.11028+00",location,location,4,"Il 'Jardin des Tuileries', tra il Louvre e Place de la Concorde, fu creato da Caterina de' Medici nel XVI secolo. Un'oasi di verde e storia, un luogo di passeggiate e contemplazione."
"2025-12-13 11:22:27.11028+00",location,location,4,"Il 'Colosseo', simbolo dell'antica Roma, fu completato nell'80 d.C. e poteva ospitare 50.000 spettatori. Un'icona di grandezza imperiale, testimone di eventi storici e spettacoli grandiosi."
"2025-12-13 11:22:27.11028+00",location,location,4,"Il 'London Eye' è alto 135 metri e fu aperto al pubblico nel 2000. Offre viste panoramiche sulla città che ospita la Torre, un'attrazione moderna che domina lo skyline fluviale."
"2025-12-13 11:22:27.11028+00",location,location,4,"La 'Tokyo Skytree' raggiunge i 634 metri di altezza ed è una delle strutture più alte del mondo. Inaugurata nel 2012, domina l'orizzonte, un simbolo di modernità e ingegneria avanzata."
"2025-12-13 11:22:27.11028+00",location,location,4,"Le 'Piramidi di Giza', costruite intorno al 2560 a.C., sono tra le sette meraviglie del mondo antico. Un mistero di pietra nel deserto, testimonianza di una civiltà millenaria e di grande ingegno."
"2025-12-13 11:24:06.592072+00",location,location,1,"Una metropoli dove la luce non è solo fisica, ma un simbolo di cultura e innovazione. I suoi ponti sussurrano storie antiche mentre un fiume la attraversa, dividendo e unendo anime. Cerca la capitale che brilla più intensamente, dove l'arte è un respiro."
"2025-12-13 11:24:06.592072+00",location,location,1,"Tra i vicoli di un'antica città, una struttura in ferro si erge sfidando il cielo. Non è un campanile, né una cattedrale, ma un'icona che osserva il mondo dall'alto. La sua silhouette è inconfondibile, un simbolo di ingegneria e ambizione umana."
"2025-12-13 11:24:06.592072+00",location,location,1,"Un luogo dove i capolavori del mondo sono custoditi dietro vetri e mura secolari. Non una singola opera, ma un'intera collezione che narra la storia dell'umanità. Qui, la bellezza è eterna, e ogni sala è un viaggio nel tempo per gli occhi curiosi."
"2025-12-13 11:24:06.592072+00",location,location,1,"In cima a un quartiere bohémien, una basilica bianca domina il panorama. Le sue cupole brillano sotto il sole, un faro spirituale per chi cerca pace e ispirazione. Dalle sue alture, la città si rivela in tutta la sua maestosa estensione."
"2025-12-13 11:24:06.592072+00",location,location,1,"Antichi fasti e simmetrie perfette definiscono questo spazio verde, un tempo riservato alla nobiltà. Oggi, è un'oasi di pace dove statue e fontane raccontano storie di regni passati. Un polmone verde nel cuore pulsante della capitale, vicino a un palazzo."
"2025-12-13 11:24:06.592072+00",location,location,1,"Un grande arco si erge maestoso, celebrando vittorie e onori. Al centro di una stella di viali, è un crocevia di storie e direzioni. Simbolo di trionfo e di un passato glorioso, è un punto di riferimento ineludibile per chi naviga la città."
"2025-12-13 11:24:06.592072+00",location,location,1,"Un corso d'acqua che ha visto passare secoli di storia, fiancheggiato da banchine dove i libri sono tesori. Le sue rive sono animate da artisti e innamorati. Cerca la città che è indissolubilmente legata al suo fiume, un vero e proprio specchio d'anima."
"2025-12-13 11:24:06.592072+00",location,location,1,"Un'area vibrante e intellettuale, con librerie antiche e caffè affollati. Qui, la storia si mescola con la vivacità della gioventù. Cerca il luogo dove le menti brillano e le discussioni animano le strade, un centro di sapere e di cultura bohémien."
"2025-12-13 11:24:06.592072+00",location,location,1,"Non è una piramide egizia, ma una moderna struttura trasparente che funge da ingresso a un tempio dell'arte. Riflette il cielo e le nuvole, unendo antico e contemporaneo. Cerca dove il vetro incontra la storia, in un cortile maestoso."
"2025-12-13 11:24:06.592072+00",location,location,1,"Un tempo dimora di sovrani, ora museo, questo edificio imponente è un simbolo di grandezza. Le sue stanze sfarzose e i suoi giardini immensi narrano storie di potere e bellezza. Cerca il luogo dove la regalità ha lasciato la sua impronta indelebile."
"2025-12-13 11:24:06.592072+00",location,location,1,"In una città ricca di storia, un'insolita torre sfida la gravità con la sua inclinazione. È un simbolo iconico, un errore architettonico diventato leggenda. Non è la capitale, ma una perla italiana, famosa per la sua piazza dei miracoli."
"2025-12-13 11:24:06.592072+00",location,location,1,"Un anfiteatro maestoso, testimone di glorie e spettacoli epici. Le sue rovine narrano storie di imperatori e gladiatori, nel cuore di una città che fu capitale del mondo antico. Non è la Senna, ma il Tevere che scorre vicino, in Italia."
"2025-12-13 11:24:06.592072+00",location,location,1,"Una città costruita sull'acqua, dove le case colorate si specchiano in una fitta rete di canali. Non ci sono strade, ma imbarcazioni silenziose che scivolano tra i ponti. Famosa per i suoi tulipani e i suoi artisti, non è in Francia."
"2025-12-13 11:24:06.592072+00",location,location,2,"La sua identità è rivelata da un numero che ne definisce il centro amministrativo. Cerca il codice che inizia con '75' e si estende per i suoi quartieri, dal più antico al più moderno. Un indizio numerico per la città che culla la Senna."
"2025-12-13 11:24:06.592072+00",location,location,2,"Un attraversamento storico sul fiume, un tempo famoso per le promesse d'amore sigillate con metallo. Nonostante i cambiamenti, la sua essenza romantica persiste. Cerca la struttura che collega le isole alla terraferma, testimone di innumerevoli storie."
"2025-12-13 11:24:06.592072+00",location,location,2,"Non l'arco più grande, ma il suo fratello minore, situato di fronte a un famoso museo. Celebra anch'esso vittorie, ma con una scala più intima. Cerca il monumento che precede l'accesso a un giardino regale, vicino alla piramide di vetro."
"2025-12-13 11:24:06.592072+00",location,location,2,"Un'antica stazione ferroviaria trasformata in un tempio dell'arte impressionista. Le sue grandi vetrate e l'orologio gigante sono icone. Cerca il luogo dove il tempo si è fermato per celebrare la bellezza, sulle rive del fiume, di fronte al Louvre."
"2025-12-13 11:24:06.592072+00",location,location,2,"Un capolavoro gotico che ha resistito al tempo e al fuoco, con i suoi gargoyle e le sue guglie. Sebbene ferita, la sua anima rimane il cuore spirituale della città. Cerca la cattedrale sull'isola, dove la storia ha lasciato il segno."
"2025-12-13 11:24:06.592072+00",location,location,2,"In un'area collinare, un tempo rifugio di pittori e scrittori, le stradine acciottolate conducono a piazze pittoresche. Qui, l'atmosfera bohémien è ancora palpabile. Cerca il luogo dove l'arte prende vita, dominato da una basilica bianca."
"2025-12-13 11:24:06.592072+00",location,location,2,"Una delle più grandi piazze della città, con un obelisco centrale e due fontane maestose. Testimone di eventi storici drammatici e di celebrazioni. Cerca il vasto spazio aperto che collega gli Champs Élysées ai Giardini delle Tuileries."
"2025-12-13 11:24:06.592072+00",location,location,2,"Un sontuoso ponte decorato con statue e lampioni dorati, che attraversa il fiume collegando due palazzi magnifici. La sua opulenza riflette un'epoca di grandezza. Cerca il ponte che celebra un imperatore, vicino a un palazzo sontuoso."
"2025-12-13 11:24:06.592072+00",location,location,2,"Una metropoli frenetica dove i grattacieli toccano il cielo e le luci non si spengono mai. Famosa per i suoi taxi gialli e i suoi teatri di Broadway. Non è in Europa, ma oltre l'oceano, una vera giungla di cemento."
"2025-12-13 11:24:06.592072+00",location,location,2,"Un'iconica torre dell'orologio si erge maestosa accanto a un palazzo gotico, sulle rive di un fiume storico. Il suo rintocco scandisce il tempo di una capitale regale. Non è la Senna, ma il Tamigi, e la città è famosa per i suoi bus rossi."
"2025-12-13 11:24:06.592072+00",location,location,2,"Un imponente monumento neoclassico, simbolo di riunificazione e libertà. Si trova in una capitale europea con una storia complessa e divisa. Non è in Francia, ma in Germania, un arco di trionfo con una quadriga in cima."
"2025-12-13 11:24:06.592072+00",location,location,2,"Un'antica rocca che domina una capitale millenaria, con templi e monumenti che raccontano la nascita della democrazia. Non è una città moderna, ma il luogo dove la filosofia e l'architettura classica hanno plasmato la civiltà occidentale."
"2025-12-13 11:24:06.592072+00",location,location,3,"Un gioiello nascosto tra i boulevards, un elegante passaggio con tetti in vetro e mosaici a terra. Ospita boutique e caffè, lontano dalla frenesia delle strade. Cerca questo 'passage' storico, un'oasi di charme e raffinatezza, vicino alla Bourse."
"2025-12-13 11:24:06.592072+00",location,location,3,"Al centro di una piazza ottagonale, si erge una colonna ispirata a quella di Traiano, con la statua di un imperatore in cima. Fu costruita con il bronzo dei cannoni nemici. Cerca questo monumento, simbolo di potere e vittoria, vicino a Place de l'Opéra."
"2025-12-13 11:24:06.592072+00",location,location,3,"Un luogo di riposo finale per artisti, scrittori e musicisti di fama mondiale. Le sue lapidi e i suoi sentieri alberati sono un labirinto di storie. Cerca il cimitero dove Jim Morrison e Oscar Wilde riposano, in un quartiere est della città."
"2025-12-13 11:24:06.592072+00",location,location,3,"Non è Notre-Dame, ma la basilica dove riposano i re di Francia. Un luogo di grande importanza storica e architettonica, culla della monarchia. Cerca questa necropoli reale, fuori dal centro ma facilmente raggiungibile, un tesoro gotico."
"2025-12-13 11:24:06.592072+00",location,location,3,"In un piccolo giardino di Montmartre, un'opera d'arte murale celebra l'amore in centinaia di lingue. Un luogo romantico e simbolico. Cerca questo muro unico, dove le parole più dolci sono scritte, vicino a Place des Abbesses."
"2025-12-13 11:24:06.592072+00",location,location,3,"Un canale pittoresco con ponti pedonali e chiuse, fiancheggiato da alberi e caffè alla moda. Un'oasi di calma e romanticismo. Cerca questo corso d'acqua artificiale, dove le barche passano lentamente, in un quartiere trendy e vivace."
"2025-12-13 11:24:06.592072+00",location,location,3,"Un edificio rivoluzionario, con le sue tubature e strutture esposte all'esterno, un capolavoro di architettura moderna. Ospita un importante museo d'arte contemporanea. Cerca questo edificio colorato e audace, nel quartiere di Beaubourg."
"2025-12-13 11:24:06.592072+00",location,location,3,"Un ponte medievale adornato da statue barocche, che attraversa un fiume storico in una capitale boema. Collega due parti di una città magica, famosa per il suo castello. Non è la Senna, ma la Moldava, in Repubblica Ceca."
"2025-12-13 11:24:06.592072+00",location,location,3,"Un'imponente fontana barocca, famosa per la leggenda delle monete gettate nell'acqua per assicurarsi il ritorno. Un capolavoro scultoreo nel cuore di una capitale antica. Non è in Francia, ma in Italia, un simbolo di desiderio e bellezza."
"2025-12-13 11:24:06.592072+00",location,location,3,"Un monumento storico che un tempo divideva una città e una nazione, ora simbolo di libertà e riunificazione. I suoi resti sono coperti di arte e memoria. Non è in Francia, ma in Germania, testimone di una guerra fredda e della sua fine."
"2025-12-13 11:24:06.592072+00",location,location,3,"Un complesso palaziale e fortezza mozarabica, un capolavoro di architettura islamica in Spagna. I suoi giardini e i suoi patii sono di una bellezza mozzafiato. Non è in Francia, ma in Andalusia, un gioiello storico sotto il sole."
"2025-12-13 11:24:06.592072+00",location,location,3,"Un complesso termale antico e ben conservato, testimone della presenza romana in Inghilterra. Le sue acque calde e la sua architettura sono un richiamo storico. Non è in Francia, ma in una città termale, lontana dalla Senna."
"2025-12-13 11:24:06.592072+00",location,location,4,"Sotto il sagrato di una cattedrale iconica, una placca ottagonale di bronzo indica il punto esatto da cui si misurano tutte le distanze stradali della nazione. Cerca questo 'punto zero', l'ombelico della capitale, di fronte a un'antica chiesa."
"2025-12-13 11:24:06.592072+00",location,location,4,"Un antico monumento egizio si erge al centro di una grande piazza, un dono dal viceré d'Egitto. Le sue geroglifici narrano storie millenarie. Cerca questo monolite, tra gli Champs Élysées e i Giardini delle Tuileries, sulla Place de la Concorde."
"2025-12-13 11:24:06.592072+00",location,location,4,"Uno dei passaggi coperti più alti, con una struttura in ferro battuto e vetro che lascia filtrare la luce. Ospita botteghe artigiane e un'atmosfera d'altri tempi. Cerca questo 'passage' meno conosciuto, ma affascinante, nel 2° arrondissement."
"2025-12-13 11:24:06.592072+00",location,location,4,"Al centro di Place de la Bastille, una colonna commemorativa celebra la Rivoluzione di Luglio del 1830. In cima, una statua dorata simboleggia la Libertà. Cerca questo monumento storico, dove un tempo sorgeva la prigione, nel 11° arrondissement."
"2025-12-13 11:24:06.592072+00",location,location,4,"Un capolavoro dell'architettura barocca, famoso per la sua scalinata monumentale, i suoi affreschi e il suo fantasma leggendario. È la casa dell'opera. Cerca questo teatro sontuoso, con la sua cupola dorata, nel 9° arrondissement."
"2025-12-13 11:24:06.592072+00",location,location,4,"Nonostante il nome, è il ponte più antico della città, decorato con centinaia di maschere grottesche. Collega le due sponde del fiume e l'Île de la Cité. Cerca il ponte con i volti scolpiti, un vero enigma storico, nel 1° e 6° arrondissement."
"2025-12-13 11:24:06.592072+00",location,location,4,"Un labirinto sotterraneo che ospita i resti di milioni di persone, un luogo suggestivo e macabro. Un'esperienza unica nel sottosuolo della capitale. Cerca questo ossario, con l'ingresso vicino a una statua di un leone, nel 14° arrondissement."
"2025-12-13 11:24:06.592072+00",location,location,4,"Un edificio maestoso con una cupola dorata, sede di cinque accademie, tra cui l'Académie Française. Si trova di fronte al Louvre, sulle rive del fiume. Cerca questo simbolo di cultura e sapere, un'istituzione storica e prestigiosa."
"2025-12-13 11:24:06.592072+00",location,location,4,"La più grande chiesa del mondo, con la sua cupola imponente, si erge nel cuore di uno stato indipendente all'interno di una capitale. Un capolavoro del Rinascimento. Non è in Francia, ma a Roma, un centro spirituale di fama mondiale."
"2025-12-13 11:24:06.592072+00",location,location,4,"Sede del Parlamento di una monarchia, un imponente edificio gotico sulle rive di un fiume. Accanto a esso, una torre dell'orologio iconica. Non è la Senna, ma il Tamigi, e la città è la capitale di un'isola, non della Francia."
"2025-12-13 11:24:06.592072+00",location,location,4,"Un ponte medievale unico, costellato di botteghe artigiane e gioiellerie, che attraversa un fiume storico. È un simbolo di una città d'arte italiana. Non è la Senna, ma l'Arno, e la città è famosa per il Rinascimento, non per la Torre Eiffel."
"2025-12-13 11:24:06.592072+00",location,location,4,"Una basilica imponente e ancora incompiuta, capolavoro di un famoso architetto modernista. Le sue torri uniche dominano lo skyline di una città spagnola. Non è in Francia, ma a Barcellona, un simbolo di arte e fede."
"2025-12-13 11:24:06.592072+00",location,location,4,"Un'impresa ingegneristica colossale che collega due oceani, facilitando il commercio globale. Non è una città, ma un'opera che ha cambiato la geografia mondiale. Non è in Europa, ma in Centro America, un simbolo di connessione."
"2025-12-13 11:24:06.592072+00",location,location,1,"Nel cuore della capitale, due piccole isole sono il punto di partenza della sua storia millenaria. Qui, cattedrali e palazzi antichi raccontano l'inizio di tutto. Cerca la città dove il fiume abbraccia le sue gemelle, custodi di segreti."
"2025-12-13 11:24:06.592072+00",location,location,1,"Un centro mondiale di stile e tendenze, dove l'eleganza è una forma d'arte. Le sue vetrine brillano e le passerelle dettano le regole del gusto. Cerca la città che detta lo stile al mondo, un faro di raffinatezza e creatività, dove il lusso è di casa."
"2025-12-13 11:24:06.592072+00",location,location,1,"Lungo le sponde di un fiume maestoso, sorgono alcuni dei più grandi musei del mondo, testimoni della ricchezza culturale. Cerca la città dove l'arte si specchia nell'acqua, un vero e proprio corridoio di bellezza e conoscenza."
"2025-12-13 11:24:06.592072+00",location,location,1,"Le sue strade sono teatro di romanticismo, i suoi ponti custodi di promesse. Un'atmosfera unica avvolge ogni angolo, invitando all'amore e alla passione. Cerca la capitale che è sinonimo di sentimenti profondi, dove ogni vicolo nasconde un segreto."
"2025-12-13 11:24:06.592072+00",location,location,2,"Un fenomeno naturale o architettonico che sfida le convenzioni, simboleggiando il flusso e riflusso della storia. Non è un vero fiume che cambia direzione, ma un concetto che si applica alle sue chiuse e canali. Cerca la città dove l'acqua è ingegneria."
"2025-12-13 11:24:06.592072+00",location,location,2,"Non una piramide, ma un cubo di cristallo che funge da ingresso a un palazzo storico. Un contrasto audace tra antico e moderno, un'icona architettonica. Cerca l'ingresso che brilla, riflettendo il cielo, nel cortile di un museo."
"2025-12-13 11:24:06.592072+00",location,location,2,"Due fontane maestose in una grande piazza, ciascuna rappresentante un fiume, celebrano la potenza dell'acqua. Sono un punto di riferimento visivo e storico. Cerca la piazza che le ospita, tra l'obelisco e i giardini, un simbolo di grandezza."
"2025-12-13 11:24:06.592072+00",location,location,2,"Una linea retta che attraversa la città, collegando monumenti iconici, da un arco a un altro, passando per un obelisco. Un percorso visivo di grande impatto. Cerca questa prospettiva unica, un filo conduttore storico e architettonico."
"2025-12-13 11:24:06.592072+00",location,location,3,"Un'installazione artistica controversa in un cortile storico, composta da colonne a strisce bianche e nere di diverse altezze. Un dialogo tra antico e moderno. Cerca quest'opera d'arte pubblica, vicino al Palais Royal, nel 1° arrondissement."
"2025-12-13 11:24:06.592072+00",location,location,3,"Un labirinto di bancarelle e negozi, il più grande mercato dell'antiquariato del mondo. Un luogo dove trovare tesori nascosti e oggetti unici. Cerca questo mercato iconico, fuori dal centro ma facilmente raggiungibile, un'esperienza unica."
"2025-12-13 11:24:06.592072+00",location,location,3,"Un enorme museo scientifico e tecnologico, con architettura moderna e mostre interattive. Un luogo di scoperta e innovazione. Cerca questo complesso futuristico, nel Parc de la Villette, nel 19° arrondissement, un faro di conoscenza."
"2025-12-13 11:24:06.592072+00",location,location,3,"Un moderno distretto degli affari con grattacieli imponenti e un arco di vetro che si allinea con l'asse storico. Un contrasto audace con il centro storico. Cerca questo quartiere futuristico, oltre il périphérique, un simbolo di modernità e progresso."
"2025-12-13 11:24:06.592072+00",location,location,4,"Un'antica linea ferroviaria sopraelevata trasformata in un parco lineare, un'oasi verde che attraversa edifici e tunnel. Un percorso insolito e affascinante. Cerca questa passeggiata unica, che inizia vicino a Place de la Bastille, nel 12° arrondissement."
"2025-12-13 11:24:06.592072+00",location,location,4,"Un centro di documentazione e esposizione sull'architettura e l'urbanistica della capitale. Un luogo per comprendere l'evoluzione della città. Cerca questo padiglione, vicino al fiume e a Place de la Bastille, nel 4° arrondissement."
"2025-12-13 11:24:06.592072+00",location,location,4,"Una piazza triangolare e nascosta sull'Île de la Cité, accessibile dal Pont Neuf. Un'oasi di tranquillità con caffè e alberi. Cerca questa piazza romantica, un angolo segreto nel cuore della città, un vero gioiello architettonico."
"2025-12-13 11:24:06.592072+00",location,location,4,"Un museo della scienza e della tecnologia, ospitato in un'antica abbazia. Contiene invenzioni storiche, tra cui il pendolo di Foucault originale. Cerca questo luogo di ingegno e scoperta, nel 3° arrondissement, un tesoro di innovazione."
"2025-12-13 11:24:06.592072+00",location,location,4,"La casa più antica della capitale, un edificio storico che un tempo ospitava un alchimista leggendario. Un pezzo di storia vivente. Cerca questa dimora medievale, nel 3° arrondissement, un richiamo a un passato enigmatico."
"2025-12-13 11:26:02.173027+00",location,location,1,"Una capitale dove l'arte incontra la moda, illuminata da un fiume serpeggiante. Il suo cuore batte al ritmo della cultura e della storia, un crocevia di sogni e ispirazioni. Cerca dove l'eleganza è un modo di vivere."
"2025-12-13 11:26:02.173027+00",location,location,1,"Un centro vibrante, antico e moderno, che ha dato i natali a movimenti artistici e rivoluzioni. Le sue pietre raccontano storie millenarie, mentre le sue vie brulicano di vita contemporanea. È un faro culturale."
"2025-12-13 11:26:02.173027+00",location,location,1,"In questa metropoli, i capolavori sono custoditi in palazzi maestosi. Ogni angolo può rivelare un artista, ogni caffè un filosofo. L'aria stessa è intrisa di creatività, un museo a cielo aperto per l'anima."
"2025-12-13 11:26:02.173027+00",location,location,1,"Un grande corso d'acqua divide e unisce questa città, riflettendo le sue architetture iconiche. I ponti sono più di semplici passaggi; sono punti di osservazione sulla sua eterna bellezza e storia. Cerca lungo le sue rive."
"2025-12-13 11:26:02.173027+00",location,location,1,"La sua posizione è un epicentro per molti, un punto di partenza per misurare distanze e sogni. Qui si incrociano le rotte, si fondono le culture. È un crocevia globale di idee e innovazioni."
"2025-12-13 11:26:02.173027+00",location,location,1,"Dove le guglie toccano il cielo e le facciate narrano epoche. L'architettura è una melodia visiva, un inno alla grandezza umana. Ogni edificio è un capitolo di un libro infinito, scritto con pietra e tempo."
"2025-12-13 11:26:02.173027+00",location,location,1,"Tra i vicoli e i grandi viali, si celano oasi verdi dove il tempo rallenta. Questi polmoni urbani offrono rifugio e bellezza, testimoni silenziosi di incontri e riflessioni. Un luogo di pace e ispirazione."
"2025-12-13 11:26:02.173027+00",location,location,1,"Le strade di questo luogo hanno risuonato di grida di libertà e di cambiamenti epocali. La sua storia è un tessuto di lotte e conquiste, un promemoria costante del potere del popolo. Cerca dove la storia è viva."
"2025-12-13 11:26:02.173027+00",location,location,1,"Un luogo romantico dove le promesse sono suggellate e i sogni si intrecciano. Questo ponte è più di un passaggio; è un simbolo di unione e affetto, un punto di riferimento per gli innamorati di tutto il mondo. Cerca dove i cuori si incontrano."
"2025-12-13 11:26:02.173027+00",location,location,1,"Una città d'acqua e canali, dove l'amore è celebrato su ponti antichi. Le sue gondole scivolano silenziose, narrando storie di un passato glorioso e di romanticismo eterno. Un labirinto di bellezza unica."
"2025-12-13 11:26:02.173027+00",location,location,1,"Un'altra metropoli regale, dove un famoso orologio scandisce il tempo e un grande fiume attraversa il suo cuore. La sua storia è legata a monarchi e imperi, un crocevia di tradizione e modernità."
"2025-12-13 11:26:02.173027+00",location,location,1,"Qui le rovine antiche si mescolano con la vita moderna, in una città eterna. Le sue fontane sono leggendarie, e ogni strada porta a un monumento che racconta secoli di civiltà. Un luogo di imperatori e arte."
"2025-12-13 11:26:02.173027+00",location,location,1,"Una città sulle colline, famosa per il suo ponte rosso e le sue nebbie. L'innovazione si fonde con la natura, creando un paesaggio urbano unico al mondo. Un porto di avventura e scoperte."
"2025-12-13 11:26:02.173027+00",location,location,2,"Un'isola fluviale, culla della sua fondazione, dove la storia ha lasciato le sue prime impronte. Qui si ergono simboli sacri e palazzi di giustizia, testimoni di secoli di evoluzione. Il vero centro storico."
"2025-12-13 11:26:02.173027+00",location,location,2,"Un percorso monumentale che attraversa la città da ovest a est, unendo archi trionfali e piazze celebri. Ogni tappa è un capitolo di grandezza, un viale di potenza e bellezza. Cerca lungo questa direttrice."
"2025-12-13 11:26:02.173027+00",location,location,2,"Le sue acque lente portano un nome che, se completato, rivela l'arteria vitale di questa metropoli. I suoi ponti, innumerevoli e storici, connettono le due anime della città. Decifra il nome del suo fiume."
"2025-12-13 11:26:02.173027+00",location,location,2,"Un quartiere elevato, famoso per i suoi pittori, i suoi caffè bohémien e una basilica bianca che domina il panorama. Qui l'ispirazione fiorisce e la vista sulla città è mozzafiato. Un rifugio creativo."
"2025-12-13 11:26:02.173027+00",location,location,2,"Conosciuto per le sue università storiche, le librerie e l'atmosfera intellettuale. Le sue strade strette e i suoi giardini sono stati testimoni di generazioni di studenti e pensatori. Un focolaio di sapere."
"2025-12-13 11:26:02.173027+00",location,location,2,"Una struttura metallica che definisce lo skyline, visibile da quasi ogni punto. La sua altezza è un numero primo, e la sua forma un'icona universale. Cerca dove il ferro incontra il cielo."
"2025-12-13 11:26:02.173027+00",location,location,2,"Una grande piazza circondata da edifici maestosi, teatro di eventi storici e luogo di esecuzioni regali. Oggi è un punto di incontro, un'oasi di storia nel cuore della città. Cerca dove la storia è scolpita."
"2025-12-13 11:26:02.173027+00",location,location,2,"Una rete di gallerie eleganti, ricche di boutique e caffè storici. Questi luoghi celati offrono un viaggio indietro nel tempo, un'esperienza di shopping e cultura sotto vetrate ornate. Esplora i suoi labirinti interni."
"2025-12-13 11:26:02.173027+00",location,location,2,"Un palazzo storico, ora un museo di fama mondiale, che ospita tesori da ogni epoca e civiltà. La sua architettura è imponente, e le sue sale raccontano la storia dell'umanità. Cerca dove l'arte regna."
"2025-12-13 11:26:02.173027+00",location,location,2,"Una città unica, costruita sull'acqua, dove il trasporto avviene su barche e ponti storici collegano le sue isole. Famosa per il suo carnevale e i suoi palazzi sontuosi. Un'esperienza senza eguali."
"2025-12-13 11:26:02.173027+00",location,location,2,"Un'antica capitale imperiale con mura che narrano di un passato glorioso. I suoi monumenti sono testimoni di un potere che ha plasmato il mondo. Cerca dove la storia è scolpita nella pietra viva."
"2025-12-13 11:26:02.173027+00",location,location,2,"Una città mediterranea, vibrante di colori e architetture gotiche e moderniste. Una basilica incompiuta è il suo simbolo, un capolavoro di un architetto geniale. Qui l'arte e la vita si fondono."
"2025-12-13 11:26:02.173027+00",location,location,3,"La sua silhouette è un'icona mondiale. Un monumento che ha celebrato un secolo di rivoluzione industriale e la sua altezza, in metri, è un numero quasi perfetto per una determinata base. Cerca la torre."
"2025-12-13 11:26:02.173027+00",location,location,3,"Un grande giardino pubblico, un tempo reale, che si estende tra un palazzo museale e una piazza storica. Le sue statue e fontane raccontano secoli di vita urbana. Cerca dove l'eleganza si incontra con la natura."
"2025-12-13 11:26:02.173027+00",location,location,3,"Un gigantesco arco celebrativo, commissionato da un imperatore, che domina una delle piazze più trafficate. Sotto di esso, una fiamma eterna onora i caduti. Cerca il simbolo di trionfo e memoria."
"2025-12-13 11:26:02.173027+00",location,location,3,"Un'architettura moderna di vetro e metallo funge da ingresso a un antico palazzo reale, ora il più grande museo del mondo. Un contrasto audace tra vecchio e nuovo. Cerca dove l'arte è protetta."
"2025-12-13 11:26:02.173027+00",location,location,3,"Un edificio con le sue 'viscere' esposte all'esterno, un'opera d'arte architettonica che ha ridefinito il concetto di museo. Ospita arte moderna e una biblioteca. Cerca dove l'interno è esterno."
"2025-12-13 11:26:02.173027+00",location,location,3,"Un monumento neoclassico che ospita le spoglie di illustri cittadini. La sua cupola offre una vista unica, e il suo pendolo dimostra la rotazione terrestre. Cerca dove riposano i grandi spiriti."
"2025-12-13 11:26:02.173027+00",location,location,3,"Una cattedrale gotica sull'isola, famosa per i suoi gargoyle e le sue vetrate. Ha resistito a incendi e secoli, testimone silenziosa di innumerevoli eventi storici. Cerca dove la fede incontra la leggenda."
"2025-12-13 11:26:02.173027+00",location,location,3,"Un ponte pedonale, un tempo coperto di lucchetti d'amore, che attraversa il fiume principale della città. Offre viste pittoresche e un'atmosfera romantica unica. Cerca dove i cuori si uniscono."
"2025-12-13 11:26:02.173027+00",location,location,3,"Un'antica stazione ferroviaria trasformata in un magnifico museo, che ospita capolavori impressionisti e post-impressionisti. Il suo grande orologio è un simbolo iconico. Cerca dove i treni incontravano l'arte."
"2025-12-13 11:26:02.173027+00",location,location,3,"Un canale artificiale, fiancheggiato da alberi e ponti girevoli, che offre un'atmosfera bohémien. Le sue chiuse sono un'attrazione, e le sue rive un luogo di ritrovo. Cerca dove l'acqua scorre lentamente."
"2025-12-13 11:26:02.173027+00",location,location,3,"Una delle piazze più antiche e belle della città, circondata da eleganti edifici in mattoni rossi. I suoi portici e giardini offrono un'oasi di pace e storia. Cerca dove l'architettura è simmetrica e regale."
"2025-12-13 11:26:02.173027+00",location,location,3,"Un anfiteatro antico, simbolo di un impero che ha dominato il mondo. Le sue arcate raccontano storie di gladiatori e spettacoli grandiosi. Cerca dove la storia è impressa in rovine maestose."
"2025-12-13 11:26:02.173027+00",location,location,3,"Un'icona di libertà e speranza, posta all'ingresso di un porto famoso. Regalo di un'antica nazione, accoglie i viaggiatori con la sua torcia. Cerca dove la libertà è illuminata dal mare."
"2025-12-13 11:26:02.173027+00",location,location,3,"Un'imponente struttura sospesa che collega due distretti di una metropoli vibrante. Le sue torri gotiche sono un capolavoro di ingegneria e un simbolo urbano. Cerca dove l'acciaio unisce le sponde."
"2025-12-13 11:26:02.173027+00",location,location,4,"Il punto più alto di questa capitale, una struttura in ferro con un'altezza precisa. Il numero di gradini fino alla cima è un enigma numerico. Cerca dove l'acciaio incontra le nuvole, un faro urbano."
"2025-12-13 11:26:02.173027+00",location,location,4,"L'ingresso di un museo colossale, una piramide di vetro inaugurata nel 1989. Sotto di essa, si cela un'altra piramide, rovesciata. Cerca dove l'antico e il moderno si fondono in geometria perfetta."
"2025-12-13 11:26:02.173027+00",location,location,4,"Davanti a una cattedrale gotica, sull'isola storica, si trova un punto di riferimento da cui si misurano tutte le distanze stradali del paese. Cerca dove ogni viaggio ha la sua vera origine simbolica."
"2025-12-13 11:26:02.173027+00",location,location,4,"A Montmartre, un muro blu reca la frase 'Ti amo' scritta in centinaia di lingue diverse. È un'ode all'amore universale in un quartiere bohémien. Cerca dove le parole diventano arte e sentimento."
"2025-12-13 11:26:02.173027+00",location,location,4,"Un tempo palazzo reale, poi prigione durante la Rivoluzione, famosa per aver ospitato personaggi illustri prima della ghigliottina. Si trova sull'isola, vicino a un'altra cappella gotica. Cerca le sue oscure memorie."
"2025-12-13 11:26:02.173027+00",location,location,4,"Sotto le strade, un labirinto di ossa e teschi, un ossario che ospita i resti di milioni di persone. Un luogo macabro e affascinante, un'altra faccia della città. Cerca dove il silenzio è eterno."
"2025-12-13 11:26:02.173027+00",location,location,4,"Vicino a un famoso centro d'arte con tubi colorati, una fontana con sculture cinetiche e colorate che danzano nell'acqua. Un omaggio a un compositore moderno. Cerca dove l'acqua e l'arte si muovono insieme."
"2025-12-13 11:26:02.173027+00",location,location,4,"Il più grande cimitero della città, un vero e proprio museo a cielo aperto, dove riposano celebri artisti, scrittori e musicisti. Le sue tombe sono opere d'arte. Cerca dove la storia è sepolta con onore."
"2025-12-13 11:26:02.173027+00",location,location,4,"Nonostante il nome, è il più antico ponte in pietra della città ancora esistente. Attraversa l'isola centrale e presenta nicchie con statue. Cerca dove il vecchio si chiama nuovo sul fiume."
"2025-12-13 11:26:02.173027+00",location,location,4,"Un sontuoso teatro dell'opera, famoso per la sua architettura opulenta e le leggende di un fantasma. Il suo soffitto dipinto è un capolavoro. Cerca dove la musica e il dramma regnano sovrani."
"2025-12-13 11:26:02.173027+00",location,location,4,"Una torre orologio iconica, parte di un palazzo legislativo, la cui campana suona ogni ora. La sua altezza è un numero specifico, un simbolo di precisione. Cerca dove il tempo è scandito con maestosità."
"2025-12-13 11:26:02.173027+00",location,location,4,"Una basilica grandiosa, ancora in costruzione dopo oltre un secolo, con torri che raggiungeranno un'altezza simbolica. Il suo architetto è un genio del modernismo. Cerca dove la fede è un cantiere eterno."
"2025-12-13 11:26:02.173027+00",location,location,4,"Un ponte storico su un canale famoso, con negozi e un design unico. La sua lunghezza è un numero specifico, un'icona di ingegneria rinascimentale. Cerca dove l'acqua scorre sotto l'arte e il commercio."
